{"assets/gifs/cotizapackgif.gif":["assets/gifs/cotizapackgif.gif"],"assets/images/logo_colors.png":["assets/images/logo_colors.png"],"assets/images/logo_white.png":["assets/images/logo_white.png"],"packages/cupertino_icons/assets/CupertinoIcons.ttf":["packages/cupertino_icons/assets/CupertinoIcons.ttf"],"packages/flutter_credit_card/font/halter.ttf":["packages/flutter_credit_card/font/halter.ttf"],"packages/flutter_credit_card/icons/amex.png":["packages/flutter_credit_card/icons/amex.png"],"packages/flutter_credit_card/icons/discover.png":["packages/flutter_credit_card/icons/discover.png"],"packages/flutter_credit_card/icons/mastercard.png":["packages/flutter_credit_card/icons/mastercard.png"],"packages/flutter_credit_card/icons/visa.png":["packages/flutter_credit_card/icons/visa.png"],"packages/im_stepper/assets/me.jpg":["packages/im_stepper/assets/me.jpg"],"packages/line_icons/lib/assets/fonts/LineIcons.ttf":["packages/line_icons/lib/assets/fonts/LineIcons.ttf"]}